Name,Price,Type,Category
Modern Frozen Fish,933.00,Chair,Music
Elegant Frozen Keyboard,237.00,Computer,Tools
Intelligent Plastic Pants,670.00,Shirt,Automotive
Sleek Fresh Table,314.00,Chicken,Beauty
Intelligent Cotton Salad,230.00,Chair,Beauty
Handcrafted Fresh Table,458.00,Towels,Grocery
Rustic Frozen Mouse,779.00,Bacon,Clothing
Tasty Soft Gloves,93.00,Chicken,Beauty
Refined Fresh Salad,830.00,Computer,Sports
Small Concrete Mouse,60.00,Salad,Baby
Electronic Rubber Table,672.00,Sausages,Grocery
Sleek Wooden Chicken,290.00,Gloves,Games
Handcrafted Soft Pizza,413.00,Chair,Books
Oriental Rubber Chips,661.00,Fish,Home
Incredible Cotton Cheese,223.00,Computer,Movies
Modern Cotton Salad,97.00,Gloves,Outdoors
Incredible Bronze Keyboard,525.00,Chair,Movies
Handcrafted Frozen Bike,911.00,Ball,Home
Recycled Rubber Car,566.00,Towels,Kids
Rustic Frozen Soap,261.00,Chicken,Computers
Electronic Granite Shirt,950.00,Chicken,Health
Practical Granite Car,766.00,Hat,Books
Generic Bronze Hat,793.00,Sausages,Books
Awesome Fresh Salad,541.00,Keyboard,Grocery
Rustic Fresh Bacon,378.00,Shirt,Beauty
Rustic Rubber Sausages,362.00,Pants,Toys
Oriental Rubber Fish,127.00,Salad,Clothing
Awesome Rubber Cheese,354.00,Pants,Shoes
Incredible Plastic Salad,753.00,Table,Outdoors
Tasty Steel Tuna,499.00,Soap,Movies
Electronic Soft Sausages,65.00,Table,Garden
Bespoke Frozen Shirt,380.00,Bike,Shoes
Refined Soft Towels,302.00,Chair,Jewelery
Awesome Bronze Gloves,579.00,Hat,Books
Refined Metal Pants,471.00,Salad,Shoes
Awesome Cotton Chair,270.00,Sausages,Sports
Handcrafted Granite Chips,71.00,Mouse,Health
Rustic Metal Sausages,192.00,Chicken,Health
Ergonomic Wooden Cheese,509.00,Cheese,Electronics
Unbranded Steel Fish,519.00,Computer,Games
Small Plastic Chair,108.00,Chair,Beauty
Gorgeous Bronze Pizza,289.00,Hat,Computers
Bespoke Frozen Pizza,279.00,Computer,Computers
Incredible Bronze Soap,571.00,Chips,Grocery
Bespoke Plastic Chair,813.00,Bacon,Home
Gorgeous Metal Bacon,613.00,Shirt,Grocery
Luxurious Soft Fish,428.00,Towels,Grocery
Rustic Plastic Car,154.00,Computer,Automotive
Ergonomic Fresh Computer,782.00,Bike,Kids
Handmade Steel Towels,655.00,Chair,Music
Ergonomic Concrete Chips,361.00,Towels,Home
Intelligent Steel Ball,153.00,Fish,Games
Intelligent Frozen Towels,372.00,Chips,Movies
Luxurious Metal Bike,299.00,Shoes,Electronics
Awesome Frozen Bacon,894.00,Keyboard,Shoes
Small Rubber Car,40.00,Shoes,Jewelery
Awesome Soft Towels,456.00,Gloves,Beauty
Tasty Bronze Towels,147.00,Shirt,Beauty
Bespoke Wooden Fish,917.00,Chicken,Health
Incredible Bronze Car,765.00,Pants,Electronics
Generic Steel Bike,96.00,Cheese,Games
Ergonomic Plastic Ball,96.00,Bacon,Games
Intelligent Frozen Tuna,577.00,Hat,Sports
Unbranded Rubber Ball,325.00,Car,Shoes
Handmade Granite Cheese,737.00,Salad,Games
Unbranded Metal Chair,427.00,Bike,Shoes
Awesome Soft Sausages,398.00,Sausages,Automotive
Bespoke Wooden Salad,9.00,Tuna,Automotive
Practical Concrete Shoes,167.00,Soap,Books
Bespoke Cotton Sausages,809.00,Sausages,Tools
Practical Rubber Chips,35.00,Mouse,Garden
Rustic Steel Keyboard,694.00,Hat,Books
Small Cotton Sausages,962.00,Bacon,Garden
Small Cotton Mouse,106.00,Gloves,Beauty
Rustic Fresh Bacon,535.00,Pants,Home
Unbranded Plastic Towels,897.00,Salad,Computers
Luxurious Steel Salad,966.00,Shoes,Grocery
Bespoke Plastic Bacon,578.00,Ball,Music
Recycled Frozen Soap,314.00,Chair,Automotive
Awesome Wooden Table,249.00,Bacon,Outdoors
Elegant Wooden Salad,816.00,Towels,Beauty
Intelligent Wooden Cheese,589.00,Soap,Movies
Ergonomic Steel Table,50.00,Chicken,Tools
Unbranded Granite Chair,868.00,Chips,Jewelery
Practical Concrete Chips,83.00,Soap,Games
Licensed Wooden Towels,418.00,Tuna,Garden
Incredible Metal Soap,698.00,Cheese,Movies
Luxurious Steel Cheese,790.00,Chicken,Outdoors
Luxurious Steel Gloves,265.00,Chicken,Health
Modern Plastic Shirt,241.00,Shirt,Books
Practical Granite Gloves,131.00,Soap,Toys
Modern Wooden Chips,422.00,Chicken,Clothing
Intelligent Concrete Table,10.00,Pants,Electronics
Licensed Steel Salad,935.00,Salad,Jewelery
Generic Granite Ball,17.00,Ball,Home
Luxurious Granite Hat,860.00,Bacon,Electronics
Bespoke Bronze Fish,45.00,Hat,Grocery
Oriental Steel Towels,68.00,Shoes,Jewelery
Fantastic Rubber Car,773.00,Shirt,Clothing
Ergonomic Wooden Chips,45.00,Mouse,Home
